[
{
  "model": "admin.logentry",
  "pk": 1,
  "fields": {
    "action_time": "2025-11-21T05:14:16.701Z",
    "user": 1,
    "content_type": 7,
    "object_id": "1",
    "object_repr": "Irorunde 1",
    "action_flag": 1,
    "change_message": "[{\"added\": {}}]"
  }
},
{
  "model": "admin.logentry",
  "pk": 2,
  "fields": {
    "action_time": "2025-11-21T05:15:11.600Z",
    "user": 1,
    "content_type": 7,
    "object_id": "2",
    "object_repr": "Irorunde 2",
    "action_flag": 1,
    "change_message": "[{\"added\": {}}]"
  }
},
{
  "model": "admin.logentry",
  "pk": 3,
  "fields": {
    "action_time": "2025-11-21T05:15:34.080Z",
    "user": 1,
    "content_type": 7,
    "object_id": "3",
    "object_repr": "Irorunde 4",
    "action_flag": 1,
    "change_message": "[{\"added\": {}}]"
  }
},
{
  "model": "admin.logentry",
  "pk": 4,
  "fields": {
    "action_time": "2025-11-21T05:15:51.868Z",
    "user": 1,
    "content_type": 7,
    "object_id": "4",
    "object_repr": "Irorunde 6",
    "action_flag": 1,
    "change_message": "[{\"added\": {}}]"
  }
},
{
  "model": "admin.logentry",
  "pk": 5,
  "fields": {
    "action_time": "2025-11-21T05:16:02.259Z",
    "user": 1,
    "content_type": 7,
    "object_id": "5",
    "object_repr": "Oluwanisola",
    "action_flag": 1,
    "change_message": "[{\"added\": {}}]"
  }
},
{
  "model": "admin.logentry",
  "pk": 6,
  "fields": {
    "action_time": "2025-11-21T05:16:21.170Z",
    "user": 1,
    "content_type": 7,
    "object_id": "6",
    "object_repr": "Irorunde 7",
    "action_flag": 1,
    "change_message": "[{\"added\": {}}]"
  }
},
{
  "model": "admin.logentry",
  "pk": 7,
  "fields": {
    "action_time": "2025-11-21T05:17:18.719Z",
    "user": 1,
    "content_type": 8,
    "object_id": "2",
    "object_repr": "ajimotokin - Group Administrator",
    "action_flag": 1,
    "change_message": "[{\"added\": {}}]"
  }
},
{
  "model": "auth.permission",
  "pk": 1,
  "fields": {
    "name": "Can add log entry",
    "content_type": 1,
    "codename": "add_logentry"
  }
},
{
  "model": "auth.permission",
  "pk": 2,
  "fields": {
    "name": "Can change log entry",
    "content_type": 1,
    "codename": "change_logentry"
  }
},
{
  "model": "auth.permission",
  "pk": 3,
  "fields": {
    "name": "Can delete log entry",
    "content_type": 1,
    "codename": "delete_logentry"
  }
},
{
  "model": "auth.permission",
  "pk": 4,
  "fields": {
    "name": "Can view log entry",
    "content_type": 1,
    "codename": "view_logentry"
  }
},
{
  "model": "auth.permission",
  "pk": 5,
  "fields": {
    "name": "Can add permission",
    "content_type": 2,
    "codename": "add_permission"
  }
},
{
  "model": "auth.permission",
  "pk": 6,
  "fields": {
    "name": "Can change permission",
    "content_type": 2,
    "codename": "change_permission"
  }
},
{
  "model": "auth.permission",
  "pk": 7,
  "fields": {
    "name": "Can delete permission",
    "content_type": 2,
    "codename": "delete_permission"
  }
},
{
  "model": "auth.permission",
  "pk": 8,
  "fields": {
    "name": "Can view permission",
    "content_type": 2,
    "codename": "view_permission"
  }
},
{
  "model": "auth.permission",
  "pk": 9,
  "fields": {
    "name": "Can add group",
    "content_type": 3,
    "codename": "add_group"
  }
},
{
  "model": "auth.permission",
  "pk": 10,
  "fields": {
    "name": "Can change group",
    "content_type": 3,
    "codename": "change_group"
  }
},
{
  "model": "auth.permission",
  "pk": 11,
  "fields": {
    "name": "Can delete group",
    "content_type": 3,
    "codename": "delete_group"
  }
},
{
  "model": "auth.permission",
  "pk": 12,
  "fields": {
    "name": "Can view group",
    "content_type": 3,
    "codename": "view_group"
  }
},
{
  "model": "auth.permission",
  "pk": 13,
  "fields": {
    "name": "Can add content type",
    "content_type": 4,
    "codename": "add_contenttype"
  }
},
{
  "model": "auth.permission",
  "pk": 14,
  "fields": {
    "name": "Can change content type",
    "content_type": 4,
    "codename": "change_contenttype"
  }
},
{
  "model": "auth.permission",
  "pk": 15,
  "fields": {
    "name": "Can delete content type",
    "content_type": 4,
    "codename": "delete_contenttype"
  }
},
{
  "model": "auth.permission",
  "pk": 16,
  "fields": {
    "name": "Can view content type",
    "content_type": 4,
    "codename": "view_contenttype"
  }
},
{
  "model": "auth.permission",
  "pk": 17,
  "fields": {
    "name": "Can add session",
    "content_type": 5,
    "codename": "add_session"
  }
},
{
  "model": "auth.permission",
  "pk": 18,
  "fields": {
    "name": "Can change session",
    "content_type": 5,
    "codename": "change_session"
  }
},
{
  "model": "auth.permission",
  "pk": 19,
  "fields": {
    "name": "Can delete session",
    "content_type": 5,
    "codename": "delete_session"
  }
},
{
  "model": "auth.permission",
  "pk": 20,
  "fields": {
    "name": "Can view session",
    "content_type": 5,
    "codename": "view_session"
  }
},
{
  "model": "auth.permission",
  "pk": 21,
  "fields": {
    "name": "Can add Contribution Plan",
    "content_type": 6,
    "codename": "add_contributionplan"
  }
},
{
  "model": "auth.permission",
  "pk": 22,
  "fields": {
    "name": "Can change Contribution Plan",
    "content_type": 6,
    "codename": "change_contributionplan"
  }
},
{
  "model": "auth.permission",
  "pk": 23,
  "fields": {
    "name": "Can delete Contribution Plan",
    "content_type": 6,
    "codename": "delete_contributionplan"
  }
},
{
  "model": "auth.permission",
  "pk": 24,
  "fields": {
    "name": "Can view Contribution Plan",
    "content_type": 6,
    "codename": "view_contributionplan"
  }
},
{
  "model": "auth.permission",
  "pk": 25,
  "fields": {
    "name": "Can add Cooperative Group",
    "content_type": 7,
    "codename": "add_cooperativegroup"
  }
},
{
  "model": "auth.permission",
  "pk": 26,
  "fields": {
    "name": "Can change Cooperative Group",
    "content_type": 7,
    "codename": "change_cooperativegroup"
  }
},
{
  "model": "auth.permission",
  "pk": 27,
  "fields": {
    "name": "Can delete Cooperative Group",
    "content_type": 7,
    "codename": "delete_cooperativegroup"
  }
},
{
  "model": "auth.permission",
  "pk": 28,
  "fields": {
    "name": "Can view Cooperative Group",
    "content_type": 7,
    "codename": "view_cooperativegroup"
  }
},
{
  "model": "auth.permission",
  "pk": 29,
  "fields": {
    "name": "Can add user",
    "content_type": 8,
    "codename": "add_user"
  }
},
{
  "model": "auth.permission",
  "pk": 30,
  "fields": {
    "name": "Can change user",
    "content_type": 8,
    "codename": "change_user"
  }
},
{
  "model": "auth.permission",
  "pk": 31,
  "fields": {
    "name": "Can delete user",
    "content_type": 8,
    "codename": "delete_user"
  }
},
{
  "model": "auth.permission",
  "pk": 32,
  "fields": {
    "name": "Can view user",
    "content_type": 8,
    "codename": "view_user"
  }
},
{
  "model": "auth.permission",
  "pk": 33,
  "fields": {
    "name": "Can add Loan",
    "content_type": 9,
    "codename": "add_loan"
  }
},
{
  "model": "auth.permission",
  "pk": 34,
  "fields": {
    "name": "Can change Loan",
    "content_type": 9,
    "codename": "change_loan"
  }
},
{
  "model": "auth.permission",
  "pk": 35,
  "fields": {
    "name": "Can delete Loan",
    "content_type": 9,
    "codename": "delete_loan"
  }
},
{
  "model": "auth.permission",
  "pk": 36,
  "fields": {
    "name": "Can view Loan",
    "content_type": 9,
    "codename": "view_loan"
  }
},
{
  "model": "auth.permission",
  "pk": 37,
  "fields": {
    "name": "Can add loan payment",
    "content_type": 10,
    "codename": "add_loanpayment"
  }
},
{
  "model": "auth.permission",
  "pk": 38,
  "fields": {
    "name": "Can change loan payment",
    "content_type": 10,
    "codename": "change_loanpayment"
  }
},
{
  "model": "auth.permission",
  "pk": 39,
  "fields": {
    "name": "Can delete loan payment",
    "content_type": 10,
    "codename": "delete_loanpayment"
  }
},
{
  "model": "auth.permission",
  "pk": 40,
  "fields": {
    "name": "Can view loan payment",
    "content_type": 10,
    "codename": "view_loanpayment"
  }
},
{
  "model": "auth.permission",
  "pk": 41,
  "fields": {
    "name": "Can add Member",
    "content_type": 11,
    "codename": "add_member"
  }
},
{
  "model": "auth.permission",
  "pk": 42,
  "fields": {
    "name": "Can change Member",
    "content_type": 11,
    "codename": "change_member"
  }
},
{
  "model": "auth.permission",
  "pk": 43,
  "fields": {
    "name": "Can delete Member",
    "content_type": 11,
    "codename": "delete_member"
  }
},
{
  "model": "auth.permission",
  "pk": 44,
  "fields": {
    "name": "Can view Member",
    "content_type": 11,
    "codename": "view_member"
  }
},
{
  "model": "auth.permission",
  "pk": 45,
  "fields": {
    "name": "Can add Manual Payment",
    "content_type": 12,
    "codename": "add_manualpayment"
  }
},
{
  "model": "auth.permission",
  "pk": 46,
  "fields": {
    "name": "Can change Manual Payment",
    "content_type": 12,
    "codename": "change_manualpayment"
  }
},
{
  "model": "auth.permission",
  "pk": 47,
  "fields": {
    "name": "Can delete Manual Payment",
    "content_type": 12,
    "codename": "delete_manualpayment"
  }
},
{
  "model": "auth.permission",
  "pk": 48,
  "fields": {
    "name": "Can view Manual Payment",
    "content_type": 12,
    "codename": "view_manualpayment"
  }
},
{
  "model": "auth.permission",
  "pk": 49,
  "fields": {
    "name": "Can add Investment Loan",
    "content_type": 13,
    "codename": "add_investmentloan"
  }
},
{
  "model": "auth.permission",
  "pk": 50,
  "fields": {
    "name": "Can change Investment Loan",
    "content_type": 13,
    "codename": "change_investmentloan"
  }
},
{
  "model": "auth.permission",
  "pk": 51,
  "fields": {
    "name": "Can delete Investment Loan",
    "content_type": 13,
    "codename": "delete_investmentloan"
  }
},
{
  "model": "auth.permission",
  "pk": 52,
  "fields": {
    "name": "Can view Investment Loan",
    "content_type": 13,
    "codename": "view_investmentloan"
  }
},
{
  "model": "auth.permission",
  "pk": 53,
  "fields": {
    "name": "Can add Fixed Deposit",
    "content_type": 14,
    "codename": "add_fixeddeposit"
  }
},
{
  "model": "auth.permission",
  "pk": 54,
  "fields": {
    "name": "Can change Fixed Deposit",
    "content_type": 14,
    "codename": "change_fixeddeposit"
  }
},
{
  "model": "auth.permission",
  "pk": 55,
  "fields": {
    "name": "Can delete Fixed Deposit",
    "content_type": 14,
    "codename": "delete_fixeddeposit"
  }
},
{
  "model": "auth.permission",
  "pk": 56,
  "fields": {
    "name": "Can view Fixed Deposit",
    "content_type": 14,
    "codename": "view_fixeddeposit"
  }
},
{
  "model": "auth.permission",
  "pk": 57,
  "fields": {
    "name": "Can add next of kin",
    "content_type": 15,
    "codename": "add_nextofkin"
  }
},
{
  "model": "auth.permission",
  "pk": 58,
  "fields": {
    "name": "Can change next of kin",
    "content_type": 15,
    "codename": "change_nextofkin"
  }
},
{
  "model": "auth.permission",
  "pk": 59,
  "fields": {
    "name": "Can delete next of kin",
    "content_type": 15,
    "codename": "delete_nextofkin"
  }
},
{
  "model": "auth.permission",
  "pk": 60,
  "fields": {
    "name": "Can view next of kin",
    "content_type": 15,
    "codename": "view_nextofkin"
  }
},
{
  "model": "auth.permission",
  "pk": 61,
  "fields": {
    "name": "Can add Outstanding Balance",
    "content_type": 16,
    "codename": "add_outstandingbalance"
  }
},
{
  "model": "auth.permission",
  "pk": 62,
  "fields": {
    "name": "Can change Outstanding Balance",
    "content_type": 16,
    "codename": "change_outstandingbalance"
  }
},
{
  "model": "auth.permission",
  "pk": 63,
  "fields": {
    "name": "Can delete Outstanding Balance",
    "content_type": 16,
    "codename": "delete_outstandingbalance"
  }
},
{
  "model": "auth.permission",
  "pk": 64,
  "fields": {
    "name": "Can view Outstanding Balance",
    "content_type": 16,
    "codename": "view_outstandingbalance"
  }
},
{
  "model": "auth.permission",
  "pk": 65,
  "fields": {
    "name": "Can add Payment",
    "content_type": 17,
    "codename": "add_payment"
  }
},
{
  "model": "auth.permission",
  "pk": 66,
  "fields": {
    "name": "Can change Payment",
    "content_type": 17,
    "codename": "change_payment"
  }
},
{
  "model": "auth.permission",
  "pk": 67,
  "fields": {
    "name": "Can delete Payment",
    "content_type": 17,
    "codename": "delete_payment"
  }
},
{
  "model": "auth.permission",
  "pk": 68,
  "fields": {
    "name": "Can view Payment",
    "content_type": 17,
    "codename": "view_payment"
  }
},
{
  "model": "auth.permission",
  "pk": 69,
  "fields": {
    "name": "Can add Savings",
    "content_type": 18,
    "codename": "add_savings"
  }
},
{
  "model": "auth.permission",
  "pk": 70,
  "fields": {
    "name": "Can change Savings",
    "content_type": 18,
    "codename": "change_savings"
  }
},
{
  "model": "auth.permission",
  "pk": 71,
  "fields": {
    "name": "Can delete Savings",
    "content_type": 18,
    "codename": "delete_savings"
  }
},
{
  "model": "auth.permission",
  "pk": 72,
  "fields": {
    "name": "Can view Savings",
    "content_type": 18,
    "codename": "view_savings"
  }
},
{
  "model": "auth.permission",
  "pk": 73,
  "fields": {
    "name": "Can add savings penalty",
    "content_type": 19,
    "codename": "add_savingspenalty"
  }
},
{
  "model": "auth.permission",
  "pk": 74,
  "fields": {
    "name": "Can change savings penalty",
    "content_type": 19,
    "codename": "change_savingspenalty"
  }
},
{
  "model": "auth.permission",
  "pk": 75,
  "fields": {
    "name": "Can delete savings penalty",
    "content_type": 19,
    "codename": "delete_savingspenalty"
  }
},
{
  "model": "auth.permission",
  "pk": 76,
  "fields": {
    "name": "Can view savings penalty",
    "content_type": 19,
    "codename": "view_savingspenalty"
  }
},
{
  "model": "auth.permission",
  "pk": 77,
  "fields": {
    "name": "Can add Transaction",
    "content_type": 20,
    "codename": "add_transaction"
  }
},
{
  "model": "auth.permission",
  "pk": 78,
  "fields": {
    "name": "Can change Transaction",
    "content_type": 20,
    "codename": "change_transaction"
  }
},
{
  "model": "auth.permission",
  "pk": 79,
  "fields": {
    "name": "Can delete Transaction",
    "content_type": 20,
    "codename": "delete_transaction"
  }
},
{
  "model": "auth.permission",
  "pk": 80,
  "fields": {
    "name": "Can view Transaction",
    "content_type": 20,
    "codename": "view_transaction"
  }
},
{
  "model": "auth.permission",
  "pk": 81,
  "fields": {
    "name": "Can add Member Contribution",
    "content_type": 21,
    "codename": "add_membercontribution"
  }
},
{
  "model": "auth.permission",
  "pk": 82,
  "fields": {
    "name": "Can change Member Contribution",
    "content_type": 21,
    "codename": "change_membercontribution"
  }
},
{
  "model": "auth.permission",
  "pk": 83,
  "fields": {
    "name": "Can delete Member Contribution",
    "content_type": 21,
    "codename": "delete_membercontribution"
  }
},
{
  "model": "auth.permission",
  "pk": 84,
  "fields": {
    "name": "Can view Member Contribution",
    "content_type": 21,
    "codename": "view_membercontribution"
  }
},
{
  "model": "contenttypes.contenttype",
  "pk": 1,
  "fields": {
    "app_label": "admin",
    "model": "logentry"
  }
},
{
  "model": "contenttypes.contenttype",
  "pk": 2,
  "fields": {
    "app_label": "auth",
    "model": "permission"
  }
},
{
  "model": "contenttypes.contenttype",
  "pk": 3,
  "fields": {
    "app_label": "auth",
    "model": "group"
  }
},
{
  "model": "contenttypes.contenttype",
  "pk": 4,
  "fields": {
    "app_label": "contenttypes",
    "model": "contenttype"
  }
},
{
  "model": "contenttypes.contenttype",
  "pk": 5,
  "fields": {
    "app_label": "sessions",
    "model": "session"
  }
},
{
  "model": "contenttypes.contenttype",
  "pk": 6,
  "fields": {
    "app_label": "accounts",
    "model": "contributionplan"
  }
},
{
  "model": "contenttypes.contenttype",
  "pk": 7,
  "fields": {
    "app_label": "accounts",
    "model": "cooperativegroup"
  }
},
{
  "model": "contenttypes.contenttype",
  "pk": 8,
  "fields": {
    "app_label": "accounts",
    "model": "user"
  }
},
{
  "model": "contenttypes.contenttype",
  "pk": 9,
  "fields": {
    "app_label": "accounts",
    "model": "loan"
  }
},
{
  "model": "contenttypes.contenttype",
  "pk": 10,
  "fields": {
    "app_label": "accounts",
    "model": "loanpayment"
  }
},
{
  "model": "contenttypes.contenttype",
  "pk": 11,
  "fields": {
    "app_label": "accounts",
    "model": "member"
  }
},
{
  "model": "contenttypes.contenttype",
  "pk": 12,
  "fields": {
    "app_label": "accounts",
    "model": "manualpayment"
  }
},
{
  "model": "contenttypes.contenttype",
  "pk": 13,
  "fields": {
    "app_label": "accounts",
    "model": "investmentloan"
  }
},
{
  "model": "contenttypes.contenttype",
  "pk": 14,
  "fields": {
    "app_label": "accounts",
    "model": "fixeddeposit"
  }
},
{
  "model": "contenttypes.contenttype",
  "pk": 15,
  "fields": {
    "app_label": "accounts",
    "model": "nextofkin"
  }
},
{
  "model": "contenttypes.contenttype",
  "pk": 16,
  "fields": {
    "app_label": "accounts",
    "model": "outstandingbalance"
  }
},
{
  "model": "contenttypes.contenttype",
  "pk": 17,
  "fields": {
    "app_label": "accounts",
    "model": "payment"
  }
},
{
  "model": "contenttypes.contenttype",
  "pk": 18,
  "fields": {
    "app_label": "accounts",
    "model": "savings"
  }
},
{
  "model": "contenttypes.contenttype",
  "pk": 19,
  "fields": {
    "app_label": "accounts",
    "model": "savingspenalty"
  }
},
{
  "model": "contenttypes.contenttype",
  "pk": 20,
  "fields": {
    "app_label": "accounts",
    "model": "transaction"
  }
},
{
  "model": "contenttypes.contenttype",
  "pk": 21,
  "fields": {
    "app_label": "accounts",
    "model": "membercontribution"
  }
},
{
  "model": "sessions.session",
  "pk": "3z5xk7zn5631wh0ujbjoqvo2t94mzli1",
  "fields": {
    "session_data": ".eJxVjDEOAiEQAP9CbQgQFhZLe99AWFjl1EBy3FXGvxuSK7SdmcxbxLRvNe6D17gUcRZanH4ZpfzkNkV5pHbvMve2rQvJmcjDDnnthV-Xo_0b1DTq3AbPhEAESIkDckajrTPekgV3gwwOfVAKjNGaXTHEWLyHoBktGiU-X88_Ns8:1vMJRx:yNoIeTVKGYWoh6XjxoGc-hCDkeCZ3mbbS1l-q1nyBPA",
    "expire_date": "2025-12-05T05:12:49.669Z"
  }
},
{
  "model": "sessions.session",
  "pk": "qai4mjohibazy2o0ihopvmkrjjbvxgxi",
  "fields": {
    "session_data": ".eJxVjMsOwiAURP-FtSG8pS7d9xvI5cKVqoGktCvjvytJFzrLOWfmxQLsWwl7z2tYErswyU6_XQR85DpAukO9NY6tbusS-VD4QTufW8rP6-H-HRToZazBZ_RG60mhcs6BjZKU9ZNAMt9YBQbOyUudEkmhLGkrRRYOCQmEZ-8P0_w3lQ:1vNZoG:wElRUBsJyKHqoLiasBqWkrBngjoykwsSS2xqRJmBQ3w",
    "expire_date": "2025-12-08T16:53:04.783Z"
  }
},
{
  "model": "accounts.cooperativegroup",
  "pk": 1,
  "fields": {
    "name": "Irorunde 1",
    "description": "",
    "is_active": true,
    "created_at": "2025-11-21T05:14:16.698Z",
    "bank_name": "POLARIS BANK",
    "account_number": "1140187339",
    "account_name": "IRORUNDE KAJOLA ITOKI (IFO) COOPERATIVE MULTIPURPOSE SOCIETY"
  }
},
{
  "model": "accounts.cooperativegroup",
  "pk": 2,
  "fields": {
    "name": "Irorunde 2",
    "description": "",
    "is_active": true,
    "created_at": "2025-11-21T05:15:11.597Z",
    "bank_name": "KEYSTONE BANK",
    "account_number": "1012712510",
    "account_name": "IRORUNDE KAJOLA TWO"
  }
},
{
  "model": "accounts.cooperativegroup",
  "pk": 3,
  "fields": {
    "name": "Irorunde 4",
    "description": "",
    "is_active": true,
    "created_at": "2025-11-21T05:15:34.078Z",
    "bank_name": "MONIE POINT",
    "account_number": "8234689690",
    "account_name": "AJIMOTOKIN MOJISOLA"
  }
},
{
  "model": "accounts.cooperativegroup",
  "pk": 4,
  "fields": {
    "name": "Irorunde 6",
    "description": "",
    "is_active": true,
    "created_at": "2025-11-21T05:15:51.866Z",
    "bank_name": "KEYSTONE BANK",
    "account_number": "1011191356",
    "account_name": "AYILARA ABIMBOLA FATIMO"
  }
},
{
  "model": "accounts.cooperativegroup",
  "pk": 5,
  "fields": {
    "name": "Oluwanisola",
    "description": "",
    "is_active": true,
    "created_at": "2025-11-21T05:16:02.257Z",
    "bank_name": null,
    "account_number": null,
    "account_name": null
  }
},
{
  "model": "accounts.cooperativegroup",
  "pk": 6,
  "fields": {
    "name": "Irorunde 7",
    "description": "",
    "is_active": true,
    "created_at": "2025-11-21T05:16:21.168Z",
    "bank_name": null,
    "account_number": null,
    "account_name": null
  }
},
{
  "model": "accounts.user",
  "pk": 1,
  "fields": {
    "password": "pbkdf2_sha256$1000000$UkuptSfiOCHDMMuwNYTppU$d6vqogS2RMgUz3EehLiiH3lG2AqeXaSE1PtOanx26bE=",
    "last_login": "2025-11-24T16:53:04.771Z",
    "is_superuser": true,
    "username": "admin",
    "first_name": "",
    "last_name": "",
    "email": "",
    "is_staff": true,
    "is_active": true,
    "date_joined": "2025-11-21T05:12:25.398Z",
    "role": "superadmin",
    "phone": null,
    "address": null,
    "created_at": "2025-11-21T05:12:26.541Z",
    "managed_group": null,
    "groups": [],
    "user_permissions": []
  }
},
{
  "model": "accounts.user",
  "pk": 2,
  "fields": {
    "password": "pbkdf2_sha256$1000000$or0axDamXkPCYcaGwszvdr$RVPp2MRD5sUq83PmYizCtA9lCxC73KOrc0TNMVP2L8E=",
    "last_login": null,
    "is_superuser": false,
    "username": "ajimotokin",
    "first_name": "Ajimotokin",
    "last_name": "Mojisola",
    "email": "",
    "is_staff": false,
    "is_active": true,
    "date_joined": "2025-11-21T05:17:17.465Z",
    "role": "group_admin",
    "phone": null,
    "address": "",
    "created_at": "2025-11-21T05:17:18.715Z",
    "managed_group": 3,
    "groups": [],
    "user_permissions": []
  }
},
{
  "model": "accounts.user",
  "pk": 3,
  "fields": {
    "password": "pbkdf2_sha256$1000000$x2RLWXuECCglSG6T4QjaIQ$2rc+LihIQ9ZPeMvuGOMfe+oTcpqjx0JThvJq9IoVBHg=",
    "last_login": null,
    "is_superuser": false,
    "username": "08163874757",
    "first_name": "Moses",
    "last_name": "Ogunbameru",
    "email": "mosesogunbameru@gmail.com",
    "is_staff": false,
    "is_active": true,
    "date_joined": "2025-11-21T05:19:43.075Z",
    "role": "member",
    "phone": "08163874757",
    "address": "hhhhh",
    "created_at": "2025-11-21T05:19:43.076Z",
    "managed_group": null,
    "groups": [],
    "user_permissions": []
  }
},
{
  "model": "accounts.member",
  "pk": 1,
  "fields": {
    "user": 3,
    "group": 3,
    "passport_photo": "passports/Invitation_Letter_kKNrFfw.png",
    "card_number": "001",
    "phone": "08163874757",
    "address": "hhhhh",
    "registration_date": "2025-11-21T05:19:43.087Z",
    "status": "active",
    "membership_fee_paid": true,
    "last_savings_date": null,
    "pending_savings_penalty": "0.00",
    "total_savings_penalties_paid": "0.00"
  }
},
{
  "model": "accounts.manualpayment",
  "pk": 1,
  "fields": {
    "member": 1,
    "group": 3,
    "amount": "40000.00",
    "payment_type": "savings",
    "status": "confirmed",
    "reference_number": "MANUAL20251121052018001",
    "admin_notes": "Payment recorded by admin for member 1",
    "penalty_details": {},
    "applied_to_purpose": {},
    "created_at": "2025-11-21T05:20:18.424Z",
    "confirmed_at": "2025-11-21T05:20:18.424Z",
    "confirmed_by": 2,
    "bank_name": "Polaris",
    "transaction_reference": "Moses",
    "transfer_date": "2025-02-11"
  }
},
{
  "model": "accounts.manualpayment",
  "pk": 2,
  "fields": {
    "member": 1,
    "group": 3,
    "amount": "1000000.00",
    "payment_type": "outstanding_balance",
    "status": "confirmed",
    "reference_number": "MANUAL20251121053147001",
    "admin_notes": "",
    "penalty_details": {},
    "applied_to_purpose": {},
    "created_at": "2025-11-21T05:31:47.987Z",
    "confirmed_at": "2025-11-21T06:05:37.407Z",
    "confirmed_by": 2,
    "bank_name": "Polaris",
    "transaction_reference": "Moses",
    "transfer_date": "2025-11-21"
  }
},
{
  "model": "accounts.manualpayment",
  "pk": 3,
  "fields": {
    "member": 1,
    "group": 3,
    "amount": "2000000.00",
    "payment_type": "outstanding_balance",
    "status": "confirmed",
    "reference_number": "MANUAL20251121061232001",
    "admin_notes": "",
    "penalty_details": {},
    "applied_to_purpose": {},
    "created_at": "2025-11-21T06:12:32.755Z",
    "confirmed_at": "2025-11-21T06:13:17.808Z",
    "confirmed_by": 2,
    "bank_name": "Polaris",
    "transaction_reference": "Moses",
    "transfer_date": "2025-11-21"
  }
},
{
  "model": "accounts.manualpayment",
  "pk": 4,
  "fields": {
    "member": 1,
    "group": 3,
    "amount": "2000.00",
    "payment_type": "savings",
    "status": "confirmed",
    "reference_number": "MANUAL20251121061458001",
    "admin_notes": "Payment recorded by admin for member 1",
    "penalty_details": {},
    "applied_to_purpose": {},
    "created_at": "2025-11-21T06:14:58.049Z",
    "confirmed_at": "2025-11-21T06:14:58.048Z",
    "confirmed_by": 2,
    "bank_name": "Polaris",
    "transaction_reference": "Moses",
    "transfer_date": "2025-11-21"
  }
},
{
  "model": "accounts.manualpayment",
  "pk": 5,
  "fields": {
    "member": 1,
    "group": 3,
    "amount": "10000.00",
    "payment_type": "outstanding_balance",
    "status": "confirmed",
    "reference_number": "MANUAL20251121062549001",
    "admin_notes": "Payment recorded by admin for member 1",
    "penalty_details": {},
    "applied_to_purpose": {},
    "created_at": "2025-11-21T06:25:49.030Z",
    "confirmed_at": "2025-11-21T06:25:49.029Z",
    "confirmed_by": 2,
    "bank_name": "Polaris",
    "transaction_reference": "Moses",
    "transfer_date": "2025-11-21"
  }
},
{
  "model": "accounts.manualpayment",
  "pk": 6,
  "fields": {
    "member": 1,
    "group": 3,
    "amount": "20000.00",
    "payment_type": "savings",
    "status": "confirmed",
    "reference_number": "MANUAL20251121062627001",
    "admin_notes": "Payment recorded by admin for member 1",
    "penalty_details": {},
    "applied_to_purpose": {},
    "created_at": "2025-11-21T06:26:27.926Z",
    "confirmed_at": "2025-11-21T06:26:27.925Z",
    "confirmed_by": 2,
    "bank_name": "polaris",
    "transaction_reference": "Moses",
    "transfer_date": "2025-11-21"
  }
},
{
  "model": "accounts.manualpayment",
  "pk": 7,
  "fields": {
    "member": 1,
    "group": 3,
    "amount": "1000000.00",
    "payment_type": "outstanding_balance",
    "status": "confirmed",
    "reference_number": "MANUAL20251121062705001",
    "admin_notes": "Payment recorded by admin for member 1",
    "penalty_details": {},
    "applied_to_purpose": {},
    "created_at": "2025-11-21T06:27:05.747Z",
    "confirmed_at": "2025-11-21T06:27:05.747Z",
    "confirmed_by": 2,
    "bank_name": "Polaris",
    "transaction_reference": "Moses",
    "transfer_date": "2025-11-21"
  }
},
{
  "model": "accounts.manualpayment",
  "pk": 8,
  "fields": {
    "member": 1,
    "group": 3,
    "amount": "2000.00",
    "payment_type": "savings",
    "status": "confirmed",
    "reference_number": "MANUAL20251121065210001",
    "admin_notes": "Payment recorded by admin for member 1",
    "penalty_details": {},
    "applied_to_purpose": {},
    "created_at": "2025-11-21T06:52:10.892Z",
    "confirmed_at": "2025-11-21T06:52:10.890Z",
    "confirmed_by": 2,
    "bank_name": "polaris",
    "transaction_reference": "Moses",
    "transfer_date": "2025-11-21"
  }
},
{
  "model": "accounts.manualpayment",
  "pk": 9,
  "fields": {
    "member": 1,
    "group": 3,
    "amount": "3000.00",
    "payment_type": "savings",
    "status": "confirmed",
    "reference_number": "MANUAL20251121065318001",
    "admin_notes": "",
    "penalty_details": {},
    "applied_to_purpose": {},
    "created_at": "2025-11-21T06:53:18.346Z",
    "confirmed_at": "2025-11-21T06:53:45.053Z",
    "confirmed_by": 2,
    "bank_name": "polaris",
    "transaction_reference": "Moses",
    "transfer_date": "2025-11-21"
  }
},
{
  "model": "accounts.manualpayment",
  "pk": 10,
  "fields": {
    "member": 1,
    "group": 3,
    "amount": "2000000.00",
    "payment_type": "fixed_deposit",
    "status": "confirmed",
    "reference_number": "MANUAL20251122082545001",
    "admin_notes": "",
    "penalty_details": {},
    "applied_to_purpose": {},
    "created_at": "2025-11-22T08:25:45.950Z",
    "confirmed_at": "2025-11-22T08:26:09.771Z",
    "confirmed_by": 2,
    "bank_name": "polaris",
    "transaction_reference": "moses",
    "transfer_date": "2025-11-22"
  }
},
{
  "model": "accounts.manualpayment",
  "pk": 11,
  "fields": {
    "member": 1,
    "group": 3,
    "amount": "200000.00",
    "payment_type": "fixed_deposit",
    "status": "confirmed",
    "reference_number": "MANUAL20251122083458001",
    "admin_notes": "",
    "penalty_details": {},
    "applied_to_purpose": {},
    "created_at": "2025-11-22T08:34:58.057Z",
    "confirmed_at": "2025-11-22T08:35:16.891Z",
    "confirmed_by": 2,
    "bank_name": "polaris",
    "transaction_reference": "moses",
    "transfer_date": "2025-11-22"
  }
},
{
  "model": "accounts.manualpayment",
  "pk": 12,
  "fields": {
    "member": 1,
    "group": 3,
    "amount": "200000.00",
    "payment_type": "investment_loan",
    "status": "confirmed",
    "reference_number": "MANUAL20251122085010001",
    "admin_notes": "",
    "penalty_details": {},
    "applied_to_purpose": {},
    "created_at": "2025-11-22T08:50:10.751Z",
    "confirmed_at": "2025-11-22T08:50:22.693Z",
    "confirmed_by": 2,
    "bank_name": "polaris",
    "transaction_reference": "Moses",
    "transfer_date": "2025-11-22"
  }
},
{
  "model": "accounts.manualpayment",
  "pk": 13,
  "fields": {
    "member": 1,
    "group": 3,
    "amount": "400000.00",
    "payment_type": "investment_loan",
    "status": "confirmed",
    "reference_number": "MANUAL20251122090621001",
    "admin_notes": "",
    "penalty_details": {},
    "applied_to_purpose": {},
    "created_at": "2025-11-22T09:06:21.046Z",
    "confirmed_at": "2025-11-22T09:06:38.610Z",
    "confirmed_by": 2,
    "bank_name": "polaris",
    "transaction_reference": "moses",
    "transfer_date": "2025-11-22"
  }
},
{
  "model": "accounts.manualpayment",
  "pk": 14,
  "fields": {
    "member": 1,
    "group": 3,
    "amount": "1000000.00",
    "payment_type": "outstanding_balance",
    "status": "confirmed",
    "reference_number": "MANUAL20251122092136001",
    "admin_notes": "",
    "penalty_details": {},
    "applied_to_purpose": {},
    "created_at": "2025-11-22T09:21:36.642Z",
    "confirmed_at": "2025-11-22T09:21:49.251Z",
    "confirmed_by": 2,
    "bank_name": "polaris",
    "transaction_reference": "Moses",
    "transfer_date": "2025-11-22"
  }
},
{
  "model": "accounts.manualpayment",
  "pk": 15,
  "fields": {
    "member": 1,
    "group": 3,
    "amount": "200000.00",
    "payment_type": "fixed_deposit",
    "status": "confirmed",
    "reference_number": "MANUAL20251122115635001",
    "admin_notes": "",
    "penalty_details": {},
    "applied_to_purpose": {},
    "created_at": "2025-11-22T11:56:35.102Z",
    "confirmed_at": "2025-11-22T11:56:48.642Z",
    "confirmed_by": 2,
    "bank_name": "polairs",
    "transaction_reference": "moses",
    "transfer_date": "2025-11-22"
  }
},
{
  "model": "accounts.manualpayment",
  "pk": 16,
  "fields": {
    "member": 1,
    "group": 3,
    "amount": "300000.00",
    "payment_type": "fixed_deposit",
    "status": "confirmed",
    "reference_number": "MANUAL20251122115741001",
    "admin_notes": "Payment recorded by admin for member 1",
    "penalty_details": {},
    "applied_to_purpose": {},
    "created_at": "2025-11-22T11:57:41.698Z",
    "confirmed_at": "2025-11-22T11:57:41.698Z",
    "confirmed_by": 2,
    "bank_name": "Polaris",
    "transaction_reference": "Moses",
    "transfer_date": "2025-11-22"
  }
},
{
  "model": "accounts.manualpayment",
  "pk": 17,
  "fields": {
    "member": 1,
    "group": 3,
    "amount": "3000.00",
    "payment_type": "savings",
    "status": "confirmed",
    "reference_number": "MANUAL20251122185108001",
    "admin_notes": "Payment recorded by admin for member 1",
    "penalty_details": {},
    "applied_to_purpose": {},
    "created_at": "2025-11-22T18:51:08.963Z",
    "confirmed_at": "2025-11-22T18:51:08.962Z",
    "confirmed_by": 2,
    "bank_name": "polaris",
    "transaction_reference": "moses",
    "transfer_date": "2025-11-22"
  }
},
{
  "model": "accounts.manualpayment",
  "pk": 18,
  "fields": {
    "member": 1,
    "group": 3,
    "amount": "2000.00",
    "payment_type": "savings",
    "status": "confirmed",
    "reference_number": "MANUAL20251122185432001",
    "admin_notes": "Payment recorded by admin for member 1",
    "penalty_details": {},
    "applied_to_purpose": {},
    "created_at": "2025-11-22T18:54:32.224Z",
    "confirmed_at": "2025-11-22T18:54:32.224Z",
    "confirmed_by": 2,
    "bank_name": "polaris",
    "transaction_reference": "moses",
    "transfer_date": "2025-11-22"
  }
},
{
  "model": "accounts.manualpayment",
  "pk": 19,
  "fields": {
    "member": 1,
    "group": 3,
    "amount": "3000.00",
    "payment_type": "savings",
    "status": "confirmed",
    "reference_number": "MANUAL20251122190637001",
    "admin_notes": "Payment recorded by admin for member 1",
    "penalty_details": {},
    "applied_to_purpose": {},
    "created_at": "2025-11-22T19:06:37.025Z",
    "confirmed_at": "2025-11-22T19:06:37.025Z",
    "confirmed_by": 2,
    "bank_name": "polaris",
    "transaction_reference": "moses",
    "transfer_date": "2025-11-22"
  }
},
{
  "model": "accounts.manualpayment",
  "pk": 20,
  "fields": {
    "member": 1,
    "group": 3,
    "amount": "3000000.00",
    "payment_type": "fixed_deposit",
    "status": "confirmed",
    "reference_number": "MANUAL20251122213353001",
    "admin_notes": "Payment recorded by admin for member 1",
    "penalty_details": {},
    "applied_to_purpose": {},
    "created_at": "2025-11-22T21:33:53.526Z",
    "confirmed_at": "2025-11-22T21:33:53.525Z",
    "confirmed_by": 2,
    "bank_name": "polaris",
    "transaction_reference": "moses",
    "transfer_date": "2025-11-22"
  }
},
{
  "model": "accounts.manualpayment",
  "pk": 21,
  "fields": {
    "member": 1,
    "group": 3,
    "amount": "2000000.00",
    "payment_type": "fixed_deposit",
    "status": "confirmed",
    "reference_number": "MANUAL20251123120251001",
    "admin_notes": "",
    "penalty_details": {},
    "applied_to_purpose": {},
    "created_at": "2025-11-23T12:02:51.650Z",
    "confirmed_at": "2025-11-23T12:03:10.160Z",
    "confirmed_by": 2,
    "bank_name": "Polaris",
    "transaction_reference": "moses",
    "transfer_date": "2025-11-23"
  }
},
{
  "model": "accounts.manualpayment",
  "pk": 22,
  "fields": {
    "member": 1,
    "group": 3,
    "amount": "200000.00",
    "payment_type": "outstanding_balance",
    "status": "confirmed",
    "reference_number": "MANUAL20251123183645001",
    "admin_notes": "Payment recorded by admin for member 1",
    "penalty_details": {},
    "applied_to_purpose": {},
    "created_at": "2025-11-23T18:36:45.481Z",
    "confirmed_at": "2025-11-23T18:36:45.480Z",
    "confirmed_by": 2,
    "bank_name": "polaris",
    "transaction_reference": "moses",
    "transfer_date": "2025-11-23"
  }
},
{
  "model": "accounts.manualpayment",
  "pk": 23,
  "fields": {
    "member": 1,
    "group": 3,
    "amount": "200000.00",
    "payment_type": "fixed_deposit",
    "status": "confirmed",
    "reference_number": "MANUAL20251124154715001",
    "admin_notes": "",
    "penalty_details": {},
    "applied_to_purpose": {},
    "created_at": "2025-11-24T15:47:15.149Z",
    "confirmed_at": "2025-11-24T15:47:43.261Z",
    "confirmed_by": 2,
    "bank_name": "polaris",
    "transaction_reference": "Moses",
    "transfer_date": "2025-11-24"
  }
},
{
  "model": "accounts.nextofkin",
  "pk": 1,
  "fields": {
    "member": 1,
    "first_name": "Irorunde",
    "last_name": "Ayilara",
    "phone": "+93711223344",
    "address": "hhhhh",
    "relationship": ""
  }
},
{
  "model": "accounts.payment",
  "pk": 1,
  "fields": {
    "member": 1,
    "group": null,
    "amount": "20300.00",
    "payment_method": "bypassed",
    "card_number_reference": "001",
    "manual_payment": null,
    "is_successful": true,
    "created_at": "2025-11-21T05:19:43.091Z",
    "paid_at": "2025-11-21T05:19:43.091Z"
  }
},
{
  "model": "accounts.payment",
  "pk": 2,
  "fields": {
    "member": 1,
    "group": 3,
    "amount": "40000.00",
    "payment_method": "manual",
    "card_number_reference": "001",
    "manual_payment": 1,
    "is_successful": true,
    "created_at": "2025-11-21T05:20:18.431Z",
    "paid_at": "2025-11-21T05:20:18.431Z"
  }
},
{
  "model": "accounts.payment",
  "pk": 3,
  "fields": {
    "member": 1,
    "group": 3,
    "amount": "1000000.00",
    "payment_method": "manual",
    "card_number_reference": "001",
    "manual_payment": 2,
    "is_successful": true,
    "created_at": "2025-11-21T06:05:37.434Z",
    "paid_at": "2025-11-21T06:05:37.434Z"
  }
},
{
  "model": "accounts.payment",
  "pk": 4,
  "fields": {
    "member": 1,
    "group": 3,
    "amount": "2000000.00",
    "payment_method": "manual",
    "card_number_reference": "001",
    "manual_payment": 3,
    "is_successful": true,
    "created_at": "2025-11-21T06:13:17.823Z",
    "paid_at": "2025-11-21T06:13:17.823Z"
  }
},
{
  "model": "accounts.payment",
  "pk": 5,
  "fields": {
    "member": 1,
    "group": 3,
    "amount": "2000.00",
    "payment_method": "manual",
    "card_number_reference": "001",
    "manual_payment": 4,
    "is_successful": true,
    "created_at": "2025-11-21T06:14:58.054Z",
    "paid_at": "2025-11-21T06:14:58.054Z"
  }
},
{
  "model": "accounts.payment",
  "pk": 6,
  "fields": {
    "member": 1,
    "group": 3,
    "amount": "10000.00",
    "payment_method": "manual",
    "card_number_reference": "001",
    "manual_payment": 5,
    "is_successful": true,
    "created_at": "2025-11-21T06:25:49.046Z",
    "paid_at": "2025-11-21T06:25:49.046Z"
  }
},
{
  "model": "accounts.payment",
  "pk": 7,
  "fields": {
    "member": 1,
    "group": 3,
    "amount": "20000.00",
    "payment_method": "manual",
    "card_number_reference": "001",
    "manual_payment": 6,
    "is_successful": true,
    "created_at": "2025-11-21T06:26:27.931Z",
    "paid_at": "2025-11-21T06:26:27.931Z"
  }
},
{
  "model": "accounts.payment",
  "pk": 8,
  "fields": {
    "member": 1,
    "group": 3,
    "amount": "1000000.00",
    "payment_method": "manual",
    "card_number_reference": "001",
    "manual_payment": 7,
    "is_successful": true,
    "created_at": "2025-11-21T06:27:05.760Z",
    "paid_at": "2025-11-21T06:27:05.760Z"
  }
},
{
  "model": "accounts.payment",
  "pk": 9,
  "fields": {
    "member": 1,
    "group": 3,
    "amount": "2000.00",
    "payment_method": "manual",
    "card_number_reference": "001",
    "manual_payment": 8,
    "is_successful": true,
    "created_at": "2025-11-21T06:52:10.907Z",
    "paid_at": "2025-11-21T06:52:10.907Z"
  }
},
{
  "model": "accounts.payment",
  "pk": 10,
  "fields": {
    "member": 1,
    "group": 3,
    "amount": "3000.00",
    "payment_method": "manual",
    "card_number_reference": "001",
    "manual_payment": 9,
    "is_successful": true,
    "created_at": "2025-11-21T06:53:45.069Z",
    "paid_at": "2025-11-21T06:53:45.069Z"
  }
},
{
  "model": "accounts.payment",
  "pk": 11,
  "fields": {
    "member": 1,
    "group": 3,
    "amount": "2000000.00",
    "payment_method": "manual",
    "card_number_reference": "001",
    "manual_payment": 10,
    "is_successful": true,
    "created_at": "2025-11-22T08:26:09.797Z",
    "paid_at": "2025-11-22T08:26:09.797Z"
  }
},
{
  "model": "accounts.payment",
  "pk": 12,
  "fields": {
    "member": 1,
    "group": 3,
    "amount": "200000.00",
    "payment_method": "manual",
    "card_number_reference": "001",
    "manual_payment": 11,
    "is_successful": true,
    "created_at": "2025-11-22T08:35:16.909Z",
    "paid_at": "2025-11-22T08:35:16.909Z"
  }
},
{
  "model": "accounts.payment",
  "pk": 13,
  "fields": {
    "member": 1,
    "group": 3,
    "amount": "200000.00",
    "payment_method": "manual",
    "card_number_reference": "001",
    "manual_payment": 12,
    "is_successful": true,
    "created_at": "2025-11-22T08:50:22.709Z",
    "paid_at": "2025-11-22T08:50:22.709Z"
  }
},
{
  "model": "accounts.payment",
  "pk": 14,
  "fields": {
    "member": 1,
    "group": 3,
    "amount": "400000.00",
    "payment_method": "manual",
    "card_number_reference": "001",
    "manual_payment": 13,
    "is_successful": true,
    "created_at": "2025-11-22T09:06:38.645Z",
    "paid_at": "2025-11-22T09:06:38.645Z"
  }
},
{
  "model": "accounts.payment",
  "pk": 15,
  "fields": {
    "member": 1,
    "group": 3,
    "amount": "1000000.00",
    "payment_method": "manual",
    "card_number_reference": "001",
    "manual_payment": 14,
    "is_successful": true,
    "created_at": "2025-11-22T09:21:49.274Z",
    "paid_at": "2025-11-22T09:21:49.274Z"
  }
},
{
  "model": "accounts.payment",
  "pk": 16,
  "fields": {
    "member": 1,
    "group": 3,
    "amount": "200000.00",
    "payment_method": "manual",
    "card_number_reference": "001",
    "manual_payment": 15,
    "is_successful": true,
    "created_at": "2025-11-22T11:56:48.652Z",
    "paid_at": "2025-11-22T11:56:48.652Z"
  }
},
{
  "model": "accounts.payment",
  "pk": 17,
  "fields": {
    "member": 1,
    "group": 3,
    "amount": "300000.00",
    "payment_method": "manual",
    "card_number_reference": "001",
    "manual_payment": 16,
    "is_successful": true,
    "created_at": "2025-11-22T11:57:41.707Z",
    "paid_at": "2025-11-22T11:57:41.707Z"
  }
},
{
  "model": "accounts.payment",
  "pk": 18,
  "fields": {
    "member": 1,
    "group": 3,
    "amount": "3000.00",
    "payment_method": "manual",
    "card_number_reference": "001",
    "manual_payment": 17,
    "is_successful": true,
    "created_at": "2025-11-22T18:51:08.971Z",
    "paid_at": "2025-11-22T18:51:08.971Z"
  }
},
{
  "model": "accounts.payment",
  "pk": 19,
  "fields": {
    "member": 1,
    "group": 3,
    "amount": "2000.00",
    "payment_method": "manual",
    "card_number_reference": "001",
    "manual_payment": 18,
    "is_successful": true,
    "created_at": "2025-11-22T18:54:32.233Z",
    "paid_at": "2025-11-22T18:54:32.233Z"
  }
},
{
  "model": "accounts.payment",
  "pk": 20,
  "fields": {
    "member": 1,
    "group": 3,
    "amount": "3000.00",
    "payment_method": "manual",
    "card_number_reference": "001",
    "manual_payment": 19,
    "is_successful": true,
    "created_at": "2025-11-22T19:06:37.036Z",
    "paid_at": "2025-11-22T19:06:37.036Z"
  }
},
{
  "model": "accounts.payment",
  "pk": 21,
  "fields": {
    "member": 1,
    "group": 3,
    "amount": "3000000.00",
    "payment_method": "manual",
    "card_number_reference": "001",
    "manual_payment": 20,
    "is_successful": true,
    "created_at": "2025-11-22T21:33:53.547Z",
    "paid_at": "2025-11-22T21:33:53.547Z"
  }
},
{
  "model": "accounts.payment",
  "pk": 22,
  "fields": {
    "member": 1,
    "group": 3,
    "amount": "2000000.00",
    "payment_method": "manual",
    "card_number_reference": "001",
    "manual_payment": 21,
    "is_successful": true,
    "created_at": "2025-11-23T12:03:10.178Z",
    "paid_at": "2025-11-23T12:03:10.178Z"
  }
},
{
  "model": "accounts.payment",
  "pk": 23,
  "fields": {
    "member": 1,
    "group": 3,
    "amount": "200000.00",
    "payment_method": "manual",
    "card_number_reference": "001",
    "manual_payment": 22,
    "is_successful": true,
    "created_at": "2025-11-23T18:36:45.497Z",
    "paid_at": "2025-11-23T18:36:45.498Z"
  }
},
{
  "model": "accounts.payment",
  "pk": 24,
  "fields": {
    "member": 1,
    "group": 3,
    "amount": "200000.00",
    "payment_method": "manual",
    "card_number_reference": "001",
    "manual_payment": 23,
    "is_successful": true,
    "created_at": "2025-11-24T15:47:43.273Z",
    "paid_at": "2025-11-24T15:47:43.273Z"
  }
},
{
  "model": "accounts.transaction",
  "pk": 1,
  "fields": {
    "member": 1,
    "transaction_type": "savings",
    "amount": "40000.00",
    "description": "Admin recorded payment - MANUAL20251121052018001",
    "status": "completed",
    "transaction_date": "2025-11-21T05:20:18.433Z",
    "reference": "ADMIN1"
  }
},
{
  "model": "accounts.transaction",
  "pk": 2,
  "fields": {
    "member": 1,
    "transaction_type": "outstanding_balance",
    "amount": "1000000.00",
    "description": "Manual payment confirmed - MANUAL20251121053147001",
    "status": "completed",
    "transaction_date": "2025-11-21T06:05:37.435Z",
    "reference": "MANUAL2"
  }
},
{
  "model": "accounts.transaction",
  "pk": 3,
  "fields": {
    "member": 1,
    "transaction_type": "outstanding_balance",
    "amount": "2000000.00",
    "description": "Manual payment confirmed - MANUAL20251121061232001",
    "status": "completed",
    "transaction_date": "2025-11-21T06:13:17.824Z",
    "reference": "MANUAL3"
  }
},
{
  "model": "accounts.transaction",
  "pk": 4,
  "fields": {
    "member": 1,
    "transaction_type": "savings",
    "amount": "2000.00",
    "description": "Admin recorded payment - MANUAL20251121061458001",
    "status": "completed",
    "transaction_date": "2025-11-21T06:14:58.055Z",
    "reference": "ADMIN4"
  }
},
{
  "model": "accounts.transaction",
  "pk": 5,
  "fields": {
    "member": 1,
    "transaction_type": "outstanding_balance",
    "amount": "10000.00",
    "description": "Admin recorded payment - MANUAL20251121062549001",
    "status": "completed",
    "transaction_date": "2025-11-21T06:25:49.048Z",
    "reference": "ADMIN5"
  }
},
{
  "model": "accounts.transaction",
  "pk": 6,
  "fields": {
    "member": 1,
    "transaction_type": "savings",
    "amount": "20000.00",
    "description": "Admin recorded payment - MANUAL20251121062627001",
    "status": "completed",
    "transaction_date": "2025-11-21T06:26:27.932Z",
    "reference": "ADMIN6"
  }
},
{
  "model": "accounts.transaction",
  "pk": 7,
  "fields": {
    "member": 1,
    "transaction_type": "outstanding_balance",
    "amount": "1000000.00",
    "description": "Admin recorded payment - MANUAL20251121062705001",
    "status": "completed",
    "transaction_date": "2025-11-21T06:27:05.763Z",
    "reference": "ADMIN7"
  }
},
{
  "model": "accounts.transaction",
  "pk": 8,
  "fields": {
    "member": 1,
    "transaction_type": "savings",
    "amount": "2000.00",
    "description": "Admin recorded payment - MANUAL20251121065210001",
    "status": "completed",
    "transaction_date": "2025-11-21T06:52:10.908Z",
    "reference": "ADMIN8"
  }
},
{
  "model": "accounts.transaction",
  "pk": 9,
  "fields": {
    "member": 1,
    "transaction_type": "savings",
    "amount": "3000.00",
    "description": "Manual payment confirmed - MANUAL20251121065318001",
    "status": "completed",
    "transaction_date": "2025-11-21T06:53:45.072Z",
    "reference": "MANUAL9"
  }
},
{
  "model": "accounts.transaction",
  "pk": 10,
  "fields": {
    "member": 1,
    "transaction_type": "fixed_deposit",
    "amount": "2000000.00",
    "description": "Manual payment confirmed - MANUAL20251122082545001",
    "status": "completed",
    "transaction_date": "2025-11-22T08:26:09.805Z",
    "reference": "MANUAL10"
  }
},
{
  "model": "accounts.transaction",
  "pk": 11,
  "fields": {
    "member": 1,
    "transaction_type": "fixed_deposit",
    "amount": "200000.00",
    "description": "Manual payment confirmed - MANUAL20251122083458001",
    "status": "completed",
    "transaction_date": "2025-11-22T08:35:16.911Z",
    "reference": "MANUAL11"
  }
},
{
  "model": "accounts.transaction",
  "pk": 12,
  "fields": {
    "member": 1,
    "transaction_type": "investment_loan",
    "amount": "200000.00",
    "description": "Manual payment confirmed - MANUAL20251122085010001",
    "status": "completed",
    "transaction_date": "2025-11-22T08:50:22.712Z",
    "reference": "MANUAL12"
  }
},
{
  "model": "accounts.transaction",
  "pk": 13,
  "fields": {
    "member": 1,
    "transaction_type": "investment_loan",
    "amount": "400000.00",
    "description": "Manual payment confirmed - MANUAL20251122090621001",
    "status": "completed",
    "transaction_date": "2025-11-22T09:06:38.648Z",
    "reference": "MANUAL13"
  }
},
{
  "model": "accounts.transaction",
  "pk": 14,
  "fields": {
    "member": 1,
    "transaction_type": "outstanding_balance",
    "amount": "1000000.00",
    "description": "Manual payment confirmed - MANUAL20251122092136001",
    "status": "completed",
    "transaction_date": "2025-11-22T09:21:49.278Z",
    "reference": "MANUAL14"
  }
},
{
  "model": "accounts.transaction",
  "pk": 15,
  "fields": {
    "member": 1,
    "transaction_type": "fixed_deposit",
    "amount": "200000.00",
    "description": "Manual payment confirmed - MANUAL20251122115635001",
    "status": "completed",
    "transaction_date": "2025-11-22T11:56:48.654Z",
    "reference": "MANUAL15"
  }
},
{
  "model": "accounts.transaction",
  "pk": 16,
  "fields": {
    "member": 1,
    "transaction_type": "fixed_deposit",
    "amount": "300000.00",
    "description": "Admin recorded payment - MANUAL20251122115741001",
    "status": "completed",
    "transaction_date": "2025-11-22T11:57:41.708Z",
    "reference": "ADMIN16"
  }
},
{
  "model": "accounts.transaction",
  "pk": 17,
  "fields": {
    "member": 1,
    "transaction_type": "savings",
    "amount": "3000.00",
    "description": "Admin recorded payment - MANUAL20251122185108001",
    "status": "completed",
    "transaction_date": "2025-11-22T18:51:08.974Z",
    "reference": "ADMIN17"
  }
},
{
  "model": "accounts.transaction",
  "pk": 18,
  "fields": {
    "member": 1,
    "transaction_type": "savings",
    "amount": "2000.00",
    "description": "Admin recorded payment - MANUAL20251122185432001",
    "status": "completed",
    "transaction_date": "2025-11-22T18:54:32.234Z",
    "reference": "ADMIN18"
  }
},
{
  "model": "accounts.transaction",
  "pk": 19,
  "fields": {
    "member": 1,
    "transaction_type": "savings",
    "amount": "3000.00",
    "description": "Admin recorded payment - MANUAL20251122190637001",
    "status": "completed",
    "transaction_date": "2025-11-22T19:06:37.038Z",
    "reference": "ADMIN19"
  }
},
{
  "model": "accounts.transaction",
  "pk": 20,
  "fields": {
    "member": 1,
    "transaction_type": "fixed_deposit",
    "amount": "3000000.00",
    "description": "Admin recorded payment - MANUAL20251122213353001",
    "status": "completed",
    "transaction_date": "2025-11-22T21:33:53.551Z",
    "reference": "ADMIN20"
  }
},
{
  "model": "accounts.transaction",
  "pk": 21,
  "fields": {
    "member": 1,
    "transaction_type": "fixed_deposit",
    "amount": "2000000.00",
    "description": "Manual payment confirmed - MANUAL20251123120251001",
    "status": "completed",
    "transaction_date": "2025-11-23T12:03:10.180Z",
    "reference": "MANUAL21"
  }
},
{
  "model": "accounts.transaction",
  "pk": 22,
  "fields": {
    "member": 1,
    "transaction_type": "outstanding_balance",
    "amount": "200000.00",
    "description": "Admin recorded payment - MANUAL20251123183645001",
    "status": "completed",
    "transaction_date": "2025-11-23T18:36:45.515Z",
    "reference": "ADMIN22"
  }
},
{
  "model": "accounts.transaction",
  "pk": 23,
  "fields": {
    "member": 1,
    "transaction_type": "fixed_deposit",
    "amount": "200000.00",
    "description": "Manual payment confirmed - MANUAL20251124154715001",
    "status": "completed",
    "transaction_date": "2025-11-24T15:47:43.282Z",
    "reference": "MANUAL23"
  }
},
{
  "model": "accounts.loan",
  "pk": 1,
  "fields": {
    "member": 1,
    "group": 3,
    "loan_type": "regular",
    "amount": "4000000.00",
    "amount_granted": "4000000.00",
    "remaining_balance": "1790000.00",
    "interest_weeks": 0,
    "last_interest_date": "2025-11-21T05:29:54.027Z",
    "total_interest_added": "0.00",
    "pending_penalty": "0.00",
    "total_penalties_paid": "0.00",
    "first_interest_applied": false,
    "purpose": "",
    "status": "active",
    "granted_by": 2,
    "granted_at": "2025-11-21T05:29:54.028Z",
    "admin_notes": "Loan granted by admin to member 1",
    "created_at": "2025-11-21T05:29:54.028Z",
    "updated_at": "2025-11-23T18:36:45.494Z"
  }
},
{
  "model": "accounts.loan",
  "pk": 2,
  "fields": {
    "member": 1,
    "group": 3,
    "loan_type": "investment",
    "amount": "300000.00",
    "amount_granted": "300000.00",
    "remaining_balance": "300000.00",
    "interest_weeks": 0,
    "last_interest_date": "2025-11-22T08:37:08.962Z",
    "total_interest_added": "0.00",
    "pending_penalty": "0.00",
    "total_penalties_paid": "0.00",
    "first_interest_applied": false,
    "purpose": "",
    "status": "active",
    "granted_by": 2,
    "granted_at": "2025-11-22T08:37:08.963Z",
    "admin_notes": "Loan granted by admin to member 1",
    "created_at": "2025-11-22T08:37:08.963Z",
    "updated_at": "2025-11-22T08:37:08.963Z"
  }
},
{
  "model": "accounts.loan",
  "pk": 3,
  "fields": {
    "member": 1,
    "group": 3,
    "loan_type": "regular",
    "amount": "200000.00",
    "amount_granted": "200000.00",
    "remaining_balance": "200000.00",
    "interest_weeks": 0,
    "last_interest_date": "2025-11-22T10:47:12.998Z",
    "total_interest_added": "0.00",
    "pending_penalty": "0.00",
    "total_penalties_paid": "0.00",
    "first_interest_applied": false,
    "purpose": "",
    "status": "active",
    "granted_by": 2,
    "granted_at": "2025-11-22T10:47:12.999Z",
    "admin_notes": "Loan granted by admin to member 1",
    "created_at": "2025-11-22T10:47:12.999Z",
    "updated_at": "2025-11-22T10:47:12.999Z"
  }
},
{
  "model": "accounts.loan",
  "pk": 4,
  "fields": {
    "member": 1,
    "group": 3,
    "loan_type": "regular",
    "amount": "200000.00",
    "amount_granted": "200000.00",
    "remaining_balance": "200000.00",
    "interest_weeks": 0,
    "last_interest_date": "2025-11-22T11:35:23.022Z",
    "total_interest_added": "0.00",
    "pending_penalty": "0.00",
    "total_penalties_paid": "0.00",
    "first_interest_applied": false,
    "purpose": "",
    "status": "active",
    "granted_by": 2,
    "granted_at": "2025-11-22T11:35:23.023Z",
    "admin_notes": "Loan granted by admin to member 1",
    "created_at": "2025-11-22T11:35:23.023Z",
    "updated_at": "2025-11-22T11:35:23.023Z"
  }
},
{
  "model": "accounts.loanpayment",
  "pk": 1,
  "fields": {
    "loan": 1,
    "manual_payment": 2,
    "amount": "1000000.00",
    "payment_type": "repayment",
    "week_number": 0,
    "is_pending": false,
    "paid_amount": "0.00",
    "paid_date": null,
    "description": "Loan repayment from manual payment MANUAL20251121053147001",
    "balance_after": "2000000.00",
    "created_at": "2025-11-21T06:05:37.422Z"
  }
},
{
  "model": "accounts.loanpayment",
  "pk": 2,
  "fields": {
    "loan": 1,
    "manual_payment": 3,
    "amount": "2000000.00",
    "payment_type": "repayment",
    "week_number": 0,
    "is_pending": false,
    "paid_amount": "0.00",
    "paid_date": null,
    "description": "Payment from MANUAL20251121061232001",
    "balance_after": "0.00",
    "created_at": "2025-11-21T06:13:17.820Z"
  }
},
{
  "model": "accounts.loanpayment",
  "pk": 3,
  "fields": {
    "loan": 1,
    "manual_payment": 5,
    "amount": "10000.00",
    "payment_type": "repayment",
    "week_number": 0,
    "is_pending": false,
    "paid_amount": "0.00",
    "paid_date": null,
    "description": "Payment from MANUAL20251121062549001",
    "balance_after": "3980000.00",
    "created_at": "2025-11-21T06:25:49.041Z"
  }
},
{
  "model": "accounts.loanpayment",
  "pk": 4,
  "fields": {
    "loan": 1,
    "manual_payment": 7,
    "amount": "1000000.00",
    "payment_type": "repayment",
    "week_number": 0,
    "is_pending": false,
    "paid_amount": "0.00",
    "paid_date": null,
    "description": "Payment from MANUAL20251121062705001",
    "balance_after": "1990000.00",
    "created_at": "2025-11-21T06:27:05.756Z"
  }
},
{
  "model": "accounts.loanpayment",
  "pk": 5,
  "fields": {
    "loan": 1,
    "manual_payment": 14,
    "amount": "1000000.00",
    "payment_type": "repayment",
    "week_number": 0,
    "is_pending": false,
    "paid_amount": "0.00",
    "paid_date": null,
    "description": "Payment from MANUAL20251122092136001",
    "balance_after": "990000.00",
    "created_at": "2025-11-22T09:21:49.268Z"
  }
},
{
  "model": "accounts.loanpayment",
  "pk": 6,
  "fields": {
    "loan": 1,
    "manual_payment": 22,
    "amount": "200000.00",
    "payment_type": "repayment",
    "week_number": 0,
    "is_pending": false,
    "paid_amount": "0.00",
    "paid_date": null,
    "description": "Payment from MANUAL20251123183645001",
    "balance_after": "1590000.00",
    "created_at": "2025-11-23T18:36:45.491Z"
  }
},
{
  "model": "accounts.savings",
  "pk": 1,
  "fields": {
    "member": 1,
    "balance": "53000.00",
    "last_updated": "2025-11-22T19:06:37.034Z"
  }
},
{
  "model": "accounts.fixeddeposit",
  "pk": 1,
  "fields": {
    "member": 1,
    "amount": "200000.00",
    "interest_rate": "5.00",
    "duration_months": 12,
    "start_date": "2025-11-22",
    "maturity_date": "2026-11-17",
    "is_active": false,
    "created_at": "2025-11-22T08:35:16.904Z",
    "status": "collected",
    "collected_at": "2025-11-24T09:40:42.975Z"
  }
},
{
  "model": "accounts.fixeddeposit",
  "pk": 2,
  "fields": {
    "member": 1,
    "amount": "200000.00",
    "interest_rate": "5.00",
    "duration_months": 12,
    "start_date": "2025-11-22",
    "maturity_date": "2026-11-17",
    "is_active": false,
    "created_at": "2025-11-22T11:56:48.649Z",
    "status": "collected",
    "collected_at": "2025-11-24T09:40:53.123Z"
  }
},
{
  "model": "accounts.fixeddeposit",
  "pk": 3,
  "fields": {
    "member": 1,
    "amount": "300000.00",
    "interest_rate": "5.00",
    "duration_months": 12,
    "start_date": "2025-11-22",
    "maturity_date": "2026-11-17",
    "is_active": true,
    "created_at": "2025-11-22T11:57:41.703Z",
    "status": "active",
    "collected_at": null
  }
},
{
  "model": "accounts.fixeddeposit",
  "pk": 4,
  "fields": {
    "member": 1,
    "amount": "3000000.00",
    "interest_rate": "5.00",
    "duration_months": 12,
    "start_date": "2025-11-22",
    "maturity_date": "2026-11-17",
    "is_active": false,
    "created_at": "2025-11-22T21:33:53.541Z",
    "status": "collected",
    "collected_at": "2025-11-24T12:04:53.134Z"
  }
},
{
  "model": "accounts.fixeddeposit",
  "pk": 5,
  "fields": {
    "member": 1,
    "amount": "2000000.00",
    "interest_rate": "5.00",
    "duration_months": 12,
    "start_date": "2025-11-23",
    "maturity_date": "2026-11-18",
    "is_active": false,
    "created_at": "2025-11-23T12:03:10.171Z",
    "status": "collected",
    "collected_at": "2025-11-24T09:40:37.615Z"
  }
},
{
  "model": "accounts.fixeddeposit",
  "pk": 6,
  "fields": {
    "member": 1,
    "amount": "200000.00",
    "interest_rate": "5.00",
    "duration_months": 12,
    "start_date": "2025-11-24",
    "maturity_date": "2026-11-19",
    "is_active": true,
    "created_at": "2025-11-24T15:47:43.270Z",
    "status": "active",
    "collected_at": null
  }
},
{
  "model": "accounts.investmentloan",
  "pk": 1,
  "fields": {
    "member": 1,
    "group": 3,
    "amount": "200000.00",
    "outstanding_balance": "0.00",
    "interest_rate": "0.00",
    "purpose": "",
    "status": "completed",
    "created_at": "2025-11-22T08:49:09.717Z",
    "updated_at": "2025-11-22T09:06:38.637Z"
  }
},
{
  "model": "accounts.investmentloan",
  "pk": 2,
  "fields": {
    "member": 1,
    "group": 3,
    "amount": "200000.00",
    "outstanding_balance": "0.00",
    "interest_rate": "0.00",
    "purpose": "Investment loan from payment MANUAL20251122085010001",
    "status": "completed",
    "created_at": "2025-11-22T08:50:22.705Z",
    "updated_at": "2025-11-22T09:06:38.640Z"
  }
},
{
  "model": "accounts.investmentloan",
  "pk": 3,
  "fields": {
    "member": 1,
    "group": 3,
    "amount": "20000.00",
    "outstanding_balance": "20000.00",
    "interest_rate": "0.00",
    "purpose": "",
    "status": "active",
    "created_at": "2025-11-23T18:38:01.859Z",
    "updated_at": "2025-11-23T18:38:01.859Z"
  }
},
{
  "model": "accounts.outstandingbalance",
  "pk": 1,
  "fields": {
    "member": 1,
    "total_amount": "4000000.00",
    "last_updated": "2025-11-21T06:05:37.432Z"
  }
}
]
